Review,Liked
Uau... Adorei esse lugar.,1
A crosta não é boa.,0
Não era saboroso e a textura era simplesmente desagradável.,0
Paramos durante o feriado do final de maio por recomendação de Rick Steve e adoramos.,1
A seleção no menu foi ótima e os preços também.,1
Agora estou ficando com raiva e quero meu maldito Pho.,0
"Honestamente, não tinha um gosto TÃO fresco.)",0
As batatas pareciam borracha e dava para perceber que haviam sido preparadas com antecedência e mantidas em um aquecedor.,0
As batatas fritas também estavam ótimas.,1
Um ótimo toque.,1
O serviço foi muito rápido.,1
Não voltaria.,0
"O caixa não se importou com o que eu tinha a dizer, mas ainda assim acabou sendo muito caro.",0
"Experimentei o ravoli de Cape Cod, frango, com cranberry...mmmm!",1
Fiquei enojado porque tinha quase certeza de que era cabelo humano.,0
Fiquei chocado porque nenhuma placa indica apenas dinheiro.,0
Altamente recomendado.,1
Garçonete foi um pouco lenta no serviço.,0
"Este lugar não vale o seu tempo, muito menos Vegas.",0
não gostei nada.,0
Os Burrittos Blá!,0
"A comida, incrível.",1
O serviço também é fofo.,1
Eu não poderia me importar menos... O interior é simplesmente lindo.,1
Então eles se apresentaram.,1
"Isso mesmo... o bolo de veludo vermelho... ahh, essa coisa é tão boa.",1
- Eles nunca trouxeram a salada que pedimos.,0
Este buraco na parede tem ótimas tacos de rua mexicanas e funcionários simpáticos.,1
"Demorou uma hora para conseguir nossa comida, apenas 4 mesas no restaurante, minha comida estava quente, nosso servidor estava correndo como se estivesse totalmente sobrecarregado.",0
O pior foi o sashimi de salmão.,0
"Também há combos como hambúrguer, batatas fritas e cerveja para 23, o que é um negócio decente.",1
Este foi como o golpe final!,0
Encontrei este lugar por acidente e não poderia estar mais feliz.,1
"parece um bom lugar rápido para comer alguma comida familiar de pub, mas faça um favor a si mesmo e procure outro lugar.",0
"No geral, gosto muito deste lugar.",1
A única qualidade redentora do restaurante era que era muito barato.,1
Porções amplas e bons preços.,1
"Mau atendimento, o garçom me fazia sentir como se eu fosse um idiota toda vez que ele vinha até a mesa.",0
Minha primeira visita ao Hiro foi uma delícia!,1
Serviço é uma merda.,0
O camarão macio e úmido.,1
Não existe um acordo bom o suficiente que me arraste para aquele estabelecimento novamente.,0
Difícil julgar se esses lados eram bons porque ficamos enojados com o isopor derretido e não queríamos comê-lo por medo de ficar doente.,0
"Numa nota positiva, o nosso servidor foi muito atencioso e prestou um excelente serviço.",1
"Discos congelados de nojo, com algumas das piores pessoas por trás da caixa registradora.",0
A única coisa que gostei foi a seção de costela e sobremesa.,1
É uma pena que a comida seja tão genérica.,0
"O hambúrguer é uma boa carne, cozida na medida certa.",1
Se quiser um sanduíche é só ir em qualquer Corpo de Bombeiros!!!!!,1
"Minha salada grega com molho grego estava muito saborosa, e a pita e o hummus eram muito refrescantes.",1
"Pedimos o pato malpassado e estava rosado e macio por dentro, com um belo carvão por fora.",1
Ele veio correndo atrás de nós quando percebeu que meu marido havia deixado os óculos escuros em cima da mesa.,1
O chow mein deles é tão bom!,1
Eles têm atitudes horríveis em relação aos clientes e falam mal de cada um quando os clientes não gostam de sua comida.,0
A porção era enorme!,1
"Adorei...servidores simpáticos, boa comida, menu maravilhoso e imaginativo.",1
"O Heart Attack Grill, no centro de Las Vegas, é uma desculpa absolutamente simples para um restaurante.",0
Não há muitos frutos do mar e uns 5 fios de macarrão no fundo.,0
"A salada tinha a quantidade certa de molho para não sobrecarregar a vieira, que estava perfeitamente cozida.",1
"A banana rasgada não estava apenas rasgada, mas petrificada e sem gosto.",0
Pelo menos pense em reabastecer minha água antes que eu me esforce para acenar para você por 10 minutos.,0
Este lugar recebe estrelas pelos seus APETIZANTES!,1
Os coquetéis são todos artesanais e deliciosos.,1
Nós definitivamente voltaríamos aqui novamente.,1
Estamos muito felizes por termos encontrado este lugar.,1
"Ótima comida e serviço, porções enormes e dão desconto militar.",1
Sempre um ótimo momento no Dos Gringos!,1
Atualização.....voltei pela segunda vez e ainda era tão incrível,1
Pegamos a comida e aparentemente eles nunca ouviram falar de sal e a massa do peixe estava mastigável.,0
Uma ótima maneira de terminar um ótimo.,1
"O acordo incluiu 5 degustações e 2 bebidas, e Jeff foi além do que esperávamos.",1
"- Arroz muito, muito bom, o tempo todo.",1
O serviço foi meh.,0
"Demorou mais de 30 minutos para conseguir o milk-shake, que nada mais era do que leite com chocolate.",0
"Acho que deveria saber que esse lugar seria uma droga, porque fica dentro da Excalibur, mas não usei meu bom senso.",0
O prato de vieiras também tem um valor terrível.,0
2 vezes - Atendimento ao cliente muito ruim!,0
As batatas fritas estavam muito boas e bem temperadas.,1
Hoje é a segunda vez que vou ao buffet de almoço e foi muito bom.,1
Há tanta comida boa em Las Vegas que me sinto enganado por desperdiçar uma oportunidade de comer indo ao Rice and Company.,0
"Vir aqui é como vivenciar um relacionamento desanimador, onde ambas as partes mal podem esperar que a outra pessoa peça para terminar.",0
entrei e o lugar cheirava a uma velha caixa de gordura e apenas 2 outras pessoas estavam comendo.,0
O peru e o rosbife eram insossos.,0
Este lugar tem isso!,1
Os bolos que todos elogiam têm gosto de um desastre açucarado feito sob medida para o paladar de uma criança de seis anos.,0
"Eu adoro o Pho e os rolinhos primavera, que delícia que você tem que experimentar.",1
A baixa proporção entre massa e carne tornou as propostas de frango muito insatisfatórias.,0
Só tenho a dizer que a comida estava incrível!!!,1
Omeletes são de morrer!,1
Tudo estava fresco e delicioso!,1
"Em resumo, esta foi uma experiência gastronômica bastante decepcionante.",0
"É como uma festa realmente sexy na sua boca, onde você está flertando escandalosamente com a pessoa mais gostosa da festa.",1
"Nunca estive no Hard Rock Casino antes, NUNCA MAIS PASSAREI NELE!",0
Melhor buffet de café da manhã!!!,1
diga adeus à sua gorjeta!,0
Nós nunca iremos novamente.,0
Voltarei novamente!,1
A comida chegou rapidamente!,1
Não foi bom.,0
"Por outro lado, o café deles serve comida muito boa.",1
"Nosso servidor foi fantástico e quando ele descobriu que a esposa adora alho assado e medula óssea, ele acrescentou mais à nossa refeição e outra medula para viagem!",1
"The only good thing was our waiter, he was very helpful and kept the bloddy mary's coming.",1
"O melhor buffet da cidade, pelo preço imbatível.",1
"ADOREI os mexilhões cozidos nesta redução de vinho, o pato estava macio e os pratos de batata estavam deliciosos.",1
Este é um dos melhores buffets que já estive.,1
Então fomos para Tigerlilly e tivemos uma tarde fantástica!,1
"A comida estava deliciosa, nosso barman foi atencioso e gentil E conseguimos um ótimo negócio!",1
O ambiente é maravilhoso e há música tocando.,1
Voltarei na próxima viagem.,1
Muuuito bom!!,1
"Amantes de sushi REAIS, vamos ser honestos - Yama não é tão bom assim.",0
"Pelo menos 40 minutos se passaram entre o pedido e a chegada da comida, e não estava tão ocupado.",0
Este é um restaurante tailandês realmente fantástico que definitivamente vale a pena uma visita.,1
"Agradável, picante e macio.",1
Bons preços.,1
Confira.,1
Foi muito nojento!,0
Eu tive uma atmosfera melhor.,0
"É meio difícil bagunçar um bife, mas eles conseguiram.",0
"Embora eu tenha gostado muito da aparência e do som deste lugar, a experiência real foi um pouco decepcionante.",0
Só não sei como esse lugar conseguiu servir a comida mais branda que já comi quando preparam culinária indiana.,0
"Pior serviço para começar, mas essa é a menor das suas preocupações.",0
O serviço foi bom e a garçonete foi amigável.,1
"Todos os caras comeram bifes, e nosso filho que adora bife, que já comeu bife nos melhores e piores lugares, disse que era o melhor bife que ele já comeu.",1
"Achamos que você teria que se aventurar mais longe para conseguir um bom sushi, mas esse lugar realmente acertou em cheio naquela noite.",1
"A equipe anfitriã era, por falta de palavra melhor, CADELAS!",0
Sem graça. Não gosto deste lugar por uma série de razões e não quero perder tempo com críticas negativas.,0
"Comida, serviço e ambiente fenomenais.",1
Eu não voltaria.,0
"Definitivamente vale a pena se aventurar pela barriga de porco, voltarei na próxima vez que estiver em Las Vegas.",1
Este lugar é muito caro para comida medíocre.,0
Vodka Penne excelente!,1
"Eles têm uma boa seleção de comida, incluindo um enorme sanduíche de bolo de carne, um wrap de frango crocante, um delicioso derretimento de atum e alguns hambúrgueres saborosos.",1
A gestão é rude.,0
"Deliciosos bagels de Nova York, boas seleções de cream cheese, verdadeiro Lox com alcaparras até.",1
"Ótimo Subway, na verdade é tão bom quando você vem aqui todos os outros Subway não atendem às suas expectativas.",1
Tomei um café da manhã realmente sólido aqui.,1
Este é um dos melhores bares com comida de Las Vegas.,1
"Ele foi extremamente rude e, realmente, há tantos outros restaurantes que eu adoraria jantar durante um fim de semana em Las Vegas.",0
Minha bebida nunca estava vazia e ele fez ótimas sugestões de menu.,1
Não faça isso!!!!,0
O garçom não foi útil ou amigável e raramente nos verificava.,0
Meu marido e eu almoçamos aqui e ficamos muito decepcionados com a comida e o serviço.,0
E o curry vermelho tinha tantos brotos de bambu e não ficou muito gostoso para mim.,0
"Belo cobertor de moz por cima, mas acho que isso foi feito para encobrir a comida abaixo da média.",1
Os banheiros são limpos e o local em si é bem decorado.,1
"O menu está sempre mudando, a qualidade da comida está diminuindo e o serviço é extremamente lento.",0
"O serviço foi um pouco lento, considerando que eram servidos por servidores de 3 pessoas, então a comida estava chegando em um ritmo lento.",0
Eu dou 2 polegares para baixo,0
Vimos nosso garçom prestar muito mais atenção às outras mesas e nos ignorar.,0
Meu noivo e eu chegamos no meio do dia e fomos recebidos e sentados imediatamente.,1
Este é um ótimo restaurante no Mandalay Bay.,1
Esperamos quarenta e cinco minutos em vão.,0
Crostini que veio com a salada estava velho.,0
Alguns destaques: Nigiri de ótima qualidade aqui!,1
a equipe é simpática e a junta está sempre limpa.,1
"esse foi um corte diferente do pedaço do outro dia, mas ainda maravilhoso, macio e bem saboroso.",1
"Encomendei a massa Voodoo e foi a primeira vez que comi uma massa realmente excelente desde que fiquei sem glúten, há vários anos.",1
este lugar é bom.,1
"Infelizmente, devemos ter ido à padaria no dia da sobra porque tudo o que pedimos estava velho.",0
Voltei hoje desde que eles se mudaram e ainda não fiquei impressionado.,0
Eu estava sentado imediatamente.,1
Seu cardápio é diversificado e com preços razoáveis.,1
Evite a todo custo!,0
"O restaurante está sempre cheio, mas nunca espera.",1
DELICIOSO!!,1
Este lugar é sem dúvida um dos melhores lugares para comer na área metropolitana de Phoenix.,1
Então não vá lá se estiver procurando boa comida.,0
Nunca fui tão mal tratado.,0
Bacon é muito salgado.,1
"Pedimos também a salada de espinafre e abacate, os ingredientes eram tristes e o molho literalmente não tinha gosto.",0
"É assim que costumavam ser os restaurantes finos de Las Vegas, até os cardápios entregues às mulheres que não têm preços listados.",1
As garçonetes são muito simpáticas.,1
"Meu Deus, o Khao Soi é um prato imperdível para os amantes de curry!",1
Tudo no menu é fantástico e também ficamos emocionados por eles terem feito acomodações incríveis para nossa filha vegetariana.,1
"Talvez eu os tenha pegado em uma noite ruim, a julgar pelos outros comentários, mas não estou inspirado para voltar.",0
O serviço aqui deixa muito a desejar.,0
"O ambiente é moderno e descolado, mas mantém um toque de aconchego.",1
"Não é um refúgio semanal, mas definitivamente um lugar para voltar de vez em quando.",1
Nós literalmente ficamos lá por 20 minutos sem ninguém pedir para anotar nosso pedido.,0
"O hambúrguer não tinha absolutamente nenhum sabor - a carne em si era totalmente sem graça, o hambúrguer estava cozido demais e não havia sabor de carvão.",0
Também decidi não devolvê-lo porque nossa garçonete parecia estar prestes a ter um ataque cardíaco.,0
Eu me vesti para ser tratada com tanta grosseria!,0
Provavelmente era sujeira.,0
"Adoro esse lugar, acerta quando quero algo saudável, mas que não falte quantidade ou sabor.",1
Eu pedi o coquetel gelado de limão e framboesa que também foi incrível.,1
"A comida era uma droga, o que esperávamos, mas era mais ruim do que poderíamos imaginar.",0
Decoração interessante.,1
O que eu gosto mesmo é da estação de crepe.,1
Também foram servidos pão quente com manteiga e batatas fritas caseiras com pedaços de bacon por cima.,1
você pode vê-los preparando a comida deliciosa!),1
Ambos os rolos de ovo foram fantásticos.,1
"Quando meu pedido chegou, um dos giroscópios estava faltando.",0
Comi uma salada com asas e um pouco de sorvete de sobremesa e saí bastante satisfeito.,1
Não tenho muita certeza de como o Joey's foi eleito o melhor cachorro-quente do Vale pelos leitores da Phoenix Magazine.,0
O melhor lugar para saborear uma saborosa tigela de Pho!,1
A música ao vivo às sextas-feiras é demais.,0
Nunca fui tão insultado ou me senti desrespeitado.,0
Pessoal muito simpático.,1
Vale a pena dirigir.,1
"Eu tinha ouvido falar coisas boas sobre esse lugar, mas superava todas as esperanças que eu poderia ter sonhado.",1
A comida era ótima e o serviço também!,1
A cerveja quente não ajudou.,0
Ótimo local para brunch.,1
O serviço é amigável e convidativo.,1
Muito bom local para almoço.,1
Moro aqui desde 1979 e esta foi a primeira (e última) vez que pisei neste lugar.,0
A PIOR EXPERIÊNCIA DE SEMPRE.,0
Deve ter sido uma noite ruim neste lugar.,0
"Os lados são deliciosos - cogumelos mistos, purê de ouro yukon, milho branco - beateous.",1
"Se aquele bicho nunca tivesse aparecido eu teria dado 4 com certeza, mas do outro lado da parede onde esse bicho estava subindo ficava a cozinha.",0
"Por cerca de 10 minutos, estávamos esperando pela salada dela quando percebemos que ela não chegaria tão cedo.",0
Meu amigo adorou o tártaro de salmão.,1
Não vou voltar.,0
Extremamente saboroso!,1
Garçonete foi bom!,1
Encharcado e não é bom.,0
Os mojitos jamaicanos são deliciosos.,1
Que são pequenos e não valem o preço.,0
"- a comida é rica, então faça o pedido de acordo.",1
"A área do chuveiro fica do lado de fora então você só pode enxaguar, não tomar um banho completo, a menos que você não se importe de ficar nu para todo mundo ver!",0
O serviço deixou um pouco a desejar.,0
"Bisque de Lagosta, Couve de Bruxelas, Risoto, Filé TODOS precisavam de sal e pimenta.",0
"Esperançosamente, isso é um presságio de que eles fecharão as portas e que alguém que saiba cozinhar possa entrar.",0
"Estava muito frio, sem sabor suficiente ou simplesmente ruim.",0
Adorei as tâmaras embrulhadas em bacon.,1
Esta é uma NEGÓCIO inacreditável!,1
O pessoal da Otto sempre nos faz sentir muito bem-vindos e especiais.,1
"Quanto à “rede elétrica”, também pouco inspirada.",0
Este é o lugar onde eu tomei Pho pela primeira vez e foi incrível!,1
Essa experiência maravilhosa fez deste lugar uma parada obrigatória sempre que estivermos na cidade novamente.,1
"Se a comida não é ruim o suficiente para você, então aproveite para lidar com os piores bêbados/irritantes do mundo.",0
Chef muito divertido.,1
"Pedi um cheeseburger duplo e peguei um único hambúrguer que estava desmoronando (foto enviada) Sim, ainda é uma merda.",0
"Ótimo lugar para tomar algumas bebidas e assistir a todo e qualquer evento esportivo, pois as paredes estão cobertas de TVs.",1
"Se fosse possível dar-lhes zero estrelas, eles teriam.",0
"As descrições diziam ""molho yum yum"" e outra dizia ""molho de enguia"", e outra dizia ""maionese picante"".",0
"Eu diria que essa seria a decisão mais difícil... Honestamente, todos os pratos de M têm o sabor que deveriam ter (incrível).",1
"Se ela não tivesse revirado os olhos, poderíamos ter ficado. Não tenho certeza se voltaremos e tentaremos novamente.",0
"Todos são muito atenciosos, proporcionando um excelente atendimento ao cliente.",1
Horrível - não perca seu tempo e dinheiro.,0
Agora este prato era bastante saboroso.,1
"A essa altura, nosso lado do restaurante estava quase vazio, então não havia desculpa.",0
"(Também não estava ocupado) Além disso, o prédio estava muito frio.",0
"como o outro usuário disse: ""você não poderia me pagar para comer neste lugar novamente.""",0
- As bebidas demoravam cerca de 30 minutos para sair em determinado momento.,0
"Delícias realmente saborosas, pessoal.",1
Muito melhor do que o outro restaurante de sushi AYCE que visitei em Las Vegas.,1
A iluminação é escura o suficiente para definir o clima.,1
"Com base no serviço abaixo da média que recebi e nenhum esforço para mostrar sua gratidão pelo meu negócio, não voltarei.",0
Os proprietários são pessoas realmente ótimas.,1
Não há nada de privilegiado em trabalhar/comer lá.,0
O molho grego era muito cremoso e saboroso.,1
"No geral, não acho que levaria meus pais a esse lugar novamente, porque eles fizeram a maioria das reclamações semelhantes que eu também senti silenciosamente.",0
Agora a pizza em si estava boa e o molho de amendoim estava muito saboroso.,1
Tivemos 7 na nossa mesa e o serviço foi bastante rápido.,1
Serviço fantástico aqui.,1
"Eu também teria dado zero estrelas aos padrinhos, se possível.",0
Eles sabem como fazê-los aqui.,1
muito duro e com muito pouco sabor!,0
Espero que este lugar permaneça por aqui.,1
Já estive em mais de alguns bares em Las Vegas e não me lembro de ter sido cobrado pela água da torneira.,0
A atmosfera do restaurante era requintada.,1
"Bom serviço, muito limpo e barato, para arrancar!",1
Os frutos do mar eram frescos e generosos em porção.,1
"Além disso, são apenas 8 dólares.",1
O serviço também não estava à altura.,0
"Até agora, visitei apenas duas vezes e a comida estava absolutamente deliciosa todas as vezes.",1
"Tão bom quanto quando o tive, há mais de um ano!",1
"Para um café autoproclamado, fiquei extremamente desapontado.",0
O prato vegetariano está fora deste mundo!,1
Você não pode errar com nenhuma comida aqui.,1
Você não pode vencer isso.,1
"Parado por este lugar enquanto estava em Madison para o Ironman, funcionários muito simpáticos e gentis.",1
Os chefs foram simpáticos e fizeram um bom trabalho.,1
"Já tive melhores, não apenas com locais dedicados ao chá boba, mas até mesmo com Jenni Pho.",0
Gostei do pátio e o serviço foi excelente.,1
"O taco de cabra não economizou na carne e nossa, que SABOR!",1
acho que não de novo,0
"Eu comi a salada de mac e estava bem sem graça, então não vou conseguir isso de novo.",0
Fui ao Bachi Burger por recomendação de um amigo e não fiquei desiludido.,1
O serviço fede aqui!,0
Eu esperei e esperei.,0
"Este lugar não é sushi de qualidade, não é um restaurante de qualidade.",0
"Eu recomendaria definitivamente as asas, bem como a pizza.",1
Ótima pizza e saladas!,1
Coisas que deram errado: - Queimaram o saganaki.,0
Esperamos uma hora pelo que era um café da manhã que eu poderia ter feito 100 vezes melhor em casa.,0
Este lugar é incrível!,1
"Detesto discordar dos meus colegas Yelpers, mas meu marido e eu ficamos muito decepcionados com este lugar.",0
"Esperamos 2 horas e nunca recebemos nenhuma de nossas pizzas, como muitos outros ao nosso redor que chegaram mais tarde!",0
Só não sei por que eles eram tão lentos.,0
"A equipe é ótima, a comida é deliciosa e eles têm uma seleção incrível de cervejas.",1
"Eu moro no bairro, então estou desapontado por não voltar aqui, porque é uma localização conveniente.",0
Eu não sabia que carne de porco desfiada poderia ser tão deliciosa.,1
"Você obtém peixe incrivelmente fresco, preparado com cuidado.",1
"Antes de explicar por que dei uma classificação de 1 estrela, saiba que esta foi a terceira vez que comi no hambúrguer Bachi antes de escrever um comentário.",0
Adoro o fato de que tudo no cardápio vale a pena.,1
Nunca mais jantarei neste lugar!,0
A comida era excelente e o serviço muito bom.,1
Boa seleção de cervejas e bebidas e boa seleção de comida.,1
"Por favor, fique longe do macarrão frito com camarão.",0
O pedido das batatas fritas foi triste. Eu provavelmente poderia contar quantas batatas fritas havia naquela caixa e provavelmente eram cerca de 12.,0
A comida era muito chata.,0
Bom serviço-verificação!,1
Esta corporação gananciosa NUNCA verá mais um centavo meu!,0
"Nunca, jamais voltarei.",0
"Por mais que eu queira voltar, não consigo passar pelo serviço atroz e nunca mais voltarei.",0
"No verão, você pode jantar em um charmoso pátio ao ar livre - muito agradável.",1
Eu não esperava que isso fosse tão bom!,1
Comida fantástica!,1
Ela pediu um muffin inglês torrado que saiu torrado.,0
A comida era muito boa.,1
Nunca mais voltarei.,0
"Ótima comida pelo preço, de altíssima qualidade e feita em casa.",1
"O garoto do ônibus, por outro lado, foi muito rude.",0
"A essa altura, meus amigos e eu tínhamos basicamente descoberto que esse lugar era uma piada e não nos importamos em torná-lo público e em voz alta.",0
"De volta ao bom churrasco, comida mais leve, preços razoáveis ​​e dizer ao público que eles estão de volta aos velhos tempos.",1
"E considerando que nós dois saímos de lá muito satisfeitos e felizes por cerca de US$ 20, você simplesmente não pode errar.",1
Todo o pão é feito em casa!,1
A única desvantagem é o serviço.,0
"Além disso, as batatas fritas são sem dúvida as piores que já comi.",0
"O serviço foi excepcional e a comida era boa, como todos os comentários.",1
"Alguns meses depois, voltei e tive uma refeição incrível.",1
Lugar favorito na cidade para shawarrrrrrma!!!!!!,1
O feijão-fradinho e a batata doce... UNREAL!,1
Você não ficará desapontado.,1
"Eles poderiam servir apenas com o vinagrete e poderia dar um prato geral melhor, mas ainda assim estava muito bom.",1
"Vou a muitos lugares e nunca vi nenhum restaurante que sirva café da manhã com 1 ovo, principalmente por US$ 4,00.",0
"Quando minha mãe e eu chegamos em casa, ela imediatamente ficou doente e só comeu alguns pedaços de salada.",0
Os servidores não são agradáveis ​​de lidar e nem sempre honram os cupons da Pizza Hut.,0
"Ambos foram realmente incrivelmente bons, e estou muito feliz por termos voltado.",1
Tivemos um serviço fantástico e ficamos satisfeitos com a atmosfera.,1
Tudo era nojento.,0
Eu amo esse lugar.,1
Ótimo serviço e comida.,1
Primeiro - os banheiros neste local estavam sujos - as capas dos assentos não foram reabastecidas e simplesmente nojentas!,0
"O hambúrguer... Comprei o ""Gold Standard"", um hambúrguer de US$ 17 e fiquei meio decepcionado.",0
"OMG, the food was delicioso!",1
Não há nada de autêntico neste lugar.,0
o espaguete não é nada de especial.,0
"De todos os pratos, o salmão foi o melhor, mas todos estavam ótimos.",1
Os vegetais são tão frescos e o molho parece autêntico tailandês.,1
Vale a pena dirigir de Tucson!,1
A seleção foi provavelmente a pior que já vi em Las Vegas.,0
Muito boa seleção de cerveja também.,1
"Este lugar é como Chipotle, mas MELHOR.",1
"Ambiente elegante/acolhedor, aperitivos divertidos e frescos, bifes suculentos (bife de beisebol !!!!!",1
5 estrelas para o aplicativo de pão em forno de tijolos!,1
Já comi aqui várias vezes e todas as vezes a comida estava deliciosa.,1
Ficamos sentados por mais dez minutos e finalmente desistimos e saímos.,0
Ele era terrível!,0
Todos são tratados de forma igualmente especial.,1
Não deve demorar 30 minutos para panquecas e ovos.,0
Estava uma delícia!!!,1
"Do lado bom, a equipe foi genuinamente agradável e entusiasmada - um verdadeiro deleite.",1
"Infelizmente, o Gordon Ramsey's Steak é um lugar que devemos evitar durante nossa próxima viagem a Las Vegas.",0
Como sempre a noite foi maravilhosa e a comida deliciosa!,1
Melhor peixe que já comi na vida!,1
(O banheiro fica ao lado e é muito agradável.),1
O buffet é pequeno e toda a comida que eles ofereceram era BLAND.,0
Este é um pequeno restaurante excepcional com algumas das melhores comidas que já provei.,1
"Muito legal, eu diria.",1
"Definitivamente, isso é desagradável para mim e duvido que voltarei, a menos que alguém esteja comprando.",0
O servidor fez um ótimo trabalho ao lidar com nossa grande mesa barulhenta.,1
"Acho que desperdiçar comida é desprezível, mas isso simplesmente não era comida.",0
Minha esposa teve a sopa de lagosta Bisque que estava morna.,0
Voltaria novamente se eu tivesse um desejo de sushi enquanto estivesse em Las Vegas.,1
"A equipe é ótima, o ambiente é ótimo.",1
Ele merece 5 estrelas.,1
Saí com dor de estômago e me senti mal o resto do dia.,0
Deixaram cair mais do que a bola.,0
"O espaço de jantar é pequeno, mas elegantemente decorado e confortável.",1
"Eles vão personalizar o seu pedido do jeito que você quiser, meu habitual é Berinjela com Feijão Verde refogado, adorei!",1
"E o feijão e o arroz eram, na melhor das hipóteses, medíocres.",0
"Melhores tacos da cidade, de longe!",1
Peguei meu dinheiro de volta e saí de lá.,0
"Em uma parte interessante da cidade, esse lugar é incrível.",1
GESTÃO RUDE E INCONSIDERADA.,0
"Os funcionários agora não são tão amigáveis, os tempos de espera para serem atendidos são horríveis, ninguém diz oi nos primeiros 10 minutos.",0
Eu não voltarei.,0
Eles têm ótimos jantares.,1
O serviço foi ofuscante e eu definitivamente recomendo o alabote.,1
A comida era terrível.,0
NUNCA MAIS VOLTAREI E CONTEI A MUITAS PESSOAS O QUE ACONTECEU.,0
"Eu não recomendo, a menos que seu carro quebre na frente dele e você esteja morrendo de fome.",0
Voltarei aqui sempre que estiver em Las Vegas.,1
Este lugar merece uma estrela e 90% tem a ver com a comida.,0
Isso é uma vergonha.,0
Definitivamente voltando para jogar na próxima vez,1
"Se você quer comida saudável, autêntica ou ética, experimente este lugar.",1
Continuarei vindo aqui na noite das mulheres e na noite do encontro. Recomendo vivamente este lugar para quem está na área.,1
Já estive aqui várias vezes e a experiência sempre foi ótima.,1
Saímos empanturrados e felizes com nossa primeira experiência de buffet em Las Vegas.,1
"O serviço foi excelente e os preços são bastante razoáveis, considerando que se trata de Las Vegas e está localizado dentro do shopping Crystals by Aria.",1
"Resumindo... a comida era incrível, ou melhor, transcendente... mas nada me traz mais alegria do que a lembrança do dispensador pneumático de condimentos.",1
Provavelmente sou uma das poucas pessoas que já foi ao Ians e não gostou.,0
"A pizza infantil também é sempre um sucesso, com muitas opções de acompanhamentos excelentes para os pequenos!",1
O atendimento é perfeito e o ambiente familiar é gostoso de ver.,1
Preparado com perfeição e o serviço impecável.,1
Este é simplesmente uma decepção.,0
"No geral, fiquei muito decepcionado com a qualidade da comida no Bouchon.",0
Não preciso ser contador para saber que estou me ferrando!,0
"Ótimo lugar para comer, me lembra as pequenas lojas familiares da área da baía de São Francisco.",1
Hoje foi a primeira vez que experimentei um Cachorro Quente Buldogis Gourmet e devo dizer que foi mais do que jamais imaginei ser possível.,1
Saiu muito frustrado.,0
Com certeza voltarei em breve.,1
A comida era muito boa e fiquei completamente mesquinho rapidamente.,1
O serviço foi fantástico.,1
PERDA TOTAL DE TEMPO.,0
"Não sei que tipo é, mas eles têm o melhor chá gelado.",1
"Venha com fome, saia feliz e empanturrado!",1
"Pelo serviço, não lhes dou estrelas.",0
Posso garantir que você não ficará desapontado.,1
"Posso aceitar um pouco de serviço ruim, mas a comida é uma merda.",0
Desisti de tentar comer alguma parte da crosta (os dentes ainda doem).,0
Mas agora eu estava completamente enojado.,0
Eu realmente gostei de comer aqui.,1
"Primeira vez que vou, mas acho que rapidamente me tornarei um cliente regular.",1
"Nosso servidor foi muito simpático e, embora parecesse um pouco sobrecarregado com todas as nossas necessidades, ele permaneceu profissional e amigável até o fim.",1
"Pelo que meus companheiros de jantar me disseram, tudo estava muito fresco, com textura e sabor agradáveis.",1
"No chão, bem ao lado da nossa mesa, havia uma grande pilha de cocô de pássaro verde, manchado, pisado e rastreado por toda parte.",0
"Além disso, você nem encontra o horário de funcionamento no site!",0
"Tentamos gostar deste lugar, mas depois de mais de 10 vezes acho que terminamos com eles.",0
Que erro foi esse!,0
Sem queixas!,1
Esta é uma pizza muito boa e sou um especialista/conhecedor no assunto.,1
Garçom era um idiota.,0
"Strike 2, que quer ser apressado.",0
Estes são os donos de restaurantes mais legais que já conheci.,1
Eu nunca mais venho.,0
Adoramos os biscoitos!!!,1
O serviço é rápido e amigável.,1
Pedi um aperitivo e demorou 40 minutos e depois a pizza mais 10 minutos.,0
Tão absolutamente fantástico.,1
"Era um enorme e estranho pedaço de vaca de 1,5 kg que tinha 3/4 de cartilagem e gordura.",0
definitivamente voltarei aqui novamente.,1
Gosto do Steiners porque é escuro e parece um bar.,1
"Uau, muito picante, mas delicioso.",1
"Se você não conhece, dê uma olhada.",1
Vou levar o dinheiro do meu jantar de negócios para outro lugar.,0
Eu adoraria voltar.,1
"De qualquer forma, este restaurante FS tem um café da manhã/almoço maravilhoso.",1
Nada de especial.,0
Cada dia da semana tem uma oferta diferente e é tudo uma delícia!,1
"Sem falar que a combinação de peras, amêndoas e bacon é uma grande vencedora!",1
Não voltarei.,0
Molho estava sem gosto.,0
"A comida é deliciosa e apimentada o suficiente, então não deixe de pedir mais picante se preferir assim.",1
Meu bife de lombo estava cozido perfeitamente e tinha um excelente sabor de algaroba.,1
Acho que não voltaremos tão cedo.,0
A comida era tão boa.,1
"Estou longe de ser um conhecedor de sushi, mas posso definitivamente dizer a diferença entre comida boa e comida ruim e esta certamente era comida ruim.",0
Fiquei tão insultado.,0
As últimas 3 vezes que almocei aqui foram ruins.,0
As asas de frango continham a carne de frango mais seca que já comi.,0
"A comida era muito boa e eu gostei de cada garfada, um local agradável e descontraído para casais, pequenos grupos familiares, etc.",1
Nargile – Acho você ótimo.,1
Os melhores tater tots do sudoeste.,1
Nós amamos o lugar.,1
Definitivamente não vale os US$ 3 que paguei.,0
"O sorvete de baunilha era cremoso e macio, enquanto a massa de profiterole (choux) estava fresca o suficiente.",1
Estou em AZ o tempo todo e agora tenho meu novo lugar.,1
O gerente foi o pior.,0
O interior é realmente muito bonito e muito limpo.,1
A comida foi excelente e os preços eram muito razoáveis.,1
Acho que não voltarei correndo para a casa de Carly tão cedo para comer.,0
"Isso se deve ao fato de que demorou 20 minutos para ser reconhecido, depois mais 35 minutos para pegar nossa comida.",0
Adoro as margaritas também!,1
Este foi o meu primeiro e único buffet de Las Vegas e não decepcionou.,1
"Muito bom, no entanto!",1
A única nota negativa é que a ventilação precisa de alguma atualização.,0
Ótimo sanduíche de carne de porco.,1
Não perca seu tempo aqui.,0
"Desilusão total, prefiro ir à Camelback Flower Shop e ao Cartel Coffee.",0
"Terceiro, o queijo do hambúrguer do meu amigo estava frio.",0
Gostamos da pizza e do brunch.,1
Os bifes são todos bem aparados e também perfeitamente cozidos.,1
Tínhamos um grupo de mais de 70 pessoas quando afirmamos que teríamos apenas 40 e eles nos trataram lindamente.,1
Eu adorei!,1
Pedimos a conta para sair sem comer e eles também não trouxeram.,0
Este lugar é uma joia em Las Vegas e exatamente o que eu esperava encontrar em quase dez anos morando aqui.,1
"Os frutos do mar limitavam-se a camarões cozidos e patas de caranguejo, mas as patas de caranguejo definitivamente não tinham sabor fresco.",0
A seleção de comida não era das melhores.,0
Delicioso e com certeza voltarei!,1
"Este não é um pequeno restaurante familiar, é um estabelecimento requintado.",1
Eles tinham um toro tártaro com um cavier extraordinário e eu gostei do wagyu em fatias finas com trufa branca.,1
Acho que não voltarei por muito tempo.,0
"Estava ligado a um posto de gasolina, o que raramente é um bom sinal.",0
Quão incrível é isso.,1
Voltarei muitas vezes em breve.,1
O menu tinha tantas coisas boas que eu não conseguia decidir!,1
"Pior de tudo, ele humilhou seu trabalhador bem na minha frente. Um monte de xingamentos horríveis.",0
CONCLUSÃO: Refeições muito fartas.,1
Suas especialidades diárias são sempre um sucesso com meu grupo.,1
E então a tragédia aconteceu.,0
A panqueca também estava muito boa e bem grande.,1
Esta foi a minha primeira experiência com lagostins e estava deliciosa!,1
Seu bife frito de frango monstruoso e ovos é o meu favorito de todos os tempos.,1
Garçonete era doce e engraçada.,1
"Eu também tive que provar as panquecas de abóbora multigrãos da minha mãe com manteiga de nozes e elas estavam incríveis, fofas e deliciosas!",1
"Prefiro comer comida de avião, sério.",0
Não posso dizer coisas boas o suficiente sobre este lugar.,1
O ambiente era incrível.,1
A garçonete e o gerente são muito simpáticos.,1
Eu não recomendaria este lugar.,0
"No geral, não fiquei muito impressionado com Noca.",0
Meu giroscópio era basicamente apenas alface.,0
Serviço terrível!,0
Completamente decepcionado!,0
"Não gosto muito de massa, mas adoro as massas caseiras/feitas à mão e as pizzas finas daqui.",1
"Experimente, você ficará feliz por ter feito isso.",1
De longe os MELHORES queijos que já comemos!,1
Preços razoáveis ​​também!,1
Tudo estava perfeito na noite em que estávamos.,1
A comida é muito boa para a sua comida típica de bar.,1
foi uma viagem para chegar lá.,0
"À primeira vista, é um adorável café de padaria - ambiente agradável, funcionários limpos e simpáticos.",1
"De qualquer forma, acho que não voltarei lá.",0
"Aponte o dedo para qualquer item do menu, faça o pedido e você não ficará desapontado.",1
"Oh, isso é uma coisa linda, este restaurante.",1
"Se você ainda não foi aqui, VÁ AGORA!",1
Uma refeição gordurosa e pouco saudável.,0
primeira vez lá e pode ser a última.,0
Esses hambúrgueres foram incríveis.,1
"Da mesma forma, o entregador não pediu desculpas quando nossa comida atrasou 45 minutos.",0
E era muito caro.,0
"Não deixe de pedir a sobremesa, mesmo que precise embalá-la para viagem - o tiramisu e o cannoli são deliciosos.",1
Esta foi a minha primeira vez e mal posso esperar até a próxima.,1
O barman também foi bom.,1
Tudo estava bom e saboroso!,1
Este lugar é dois polegares para cima.,1
O melhor lugar em Las Vegas para tomar café da manhã (basta conferir um sábado ou domingo.,1
"Se você adora comida mexicana autêntica e quer um monte de carnes interessantes, mas deliciosas, para escolher, você precisa experimentar este lugar.",1
Gestão terrível.,0
Um excelente novo restaurante de um francês experiente.,1
Se houvesse zero estrelas eu daria zero estrelas.,0
"Ótimo bife, ótimos acompanhamentos, ótimo vinho, sobremesas incríveis.",1
Pior martini de todos os tempos!,0
O bife e o camarão são na minha opinião as melhores entradas do GC.,1
Tive a oportunidade hoje de provar suas pizzas incríveis!,1
Esperamos trinta minutos para sentar (embora houvesse 8 mesas vagas e fôssemos as únicas pessoas esperando).,0
O carpaccio de cauda amarela derreteu na boca fresco.,1
"Não vou tentar voltar lá, mesmo que esteja vazio.",0
"Não, vou comer a batata que encontrei no cabelo de um estranho.",0
"Apenas picante o suficiente. Perfeito, na verdade.",1
Ontem à noite foi minha segunda vez jantando aqui e fiquei tão feliz que decidi voltar!,1
"nem mesmo um “olá, já estaremos com você”.",0
As sobremesas eram um pouco estranhas.,0
Meu namorado e eu viemos aqui pela primeira vez em uma recente viagem a Las Vegas e não poderíamos ter ficado mais satisfeitos com a qualidade da comida e do serviço.,1
"Eu realmente recomendo este lugar, você pode errar com este lugar de donuts!",1
Ambiente agradável.,1
Eu recomendaria economizar espaço para isso!,1
"Acho que talvez tenhamos saído em uma noite de folga, mas foi vergonhoso.",0
"No entanto, minha experiência recente neste local específico não foi tão boa.",0
"Eu sei que isso não é como os outros restaurantes, algo está muito errado aqui!",0
EVITE ESTE ESTABELECIMENTO!,0
Acho que este restaurante sofre por não se esforçar o suficiente.,0
Todos os pratos de tapas estavam deliciosos!,1
Eu *coração* este lugar.,1
Minha salada tem um vinagrete suave com folhas verdes e palmito.,0
Depois das duas eu me senti nojento.,0
Um bom momento!,1
Acredito que esse lugar seja uma ótima parada para quem tem barriga enorme e vontade de comer sushi.,1
Porções generosas e muito sabor.,1
Eu nunca voltarei a este lugar e nunca recomendarei este lugar a ninguém!,0
"Os servidores foram e voltaram várias vezes, nem mesmo um ""Você está sendo ajudado?""",0
A comida estava deliciosa!,1
UMA HORA... sério?,0
Eu considero isso um roubo.,0
Eca... Este local precisa de uma reforma completa.,0
"Recentemente, testemunhamos sua má qualidade de gerenciamento também em relação a outros hóspedes.",0
Esperei e esperei e esperei.,0
"Ele também voltou para nos verificar regularmente, um serviço excelente.",1
Nosso servidor foi super legal e nos verificou muitas vezes.,1
"A pizza tinha um gosto velho, super mastigável, o que não é bom.",0
"Entrei para experimentá-los, mas fiquei profundamente desapontado.",0
O atendimento foi bom e a companhia melhor!,1
A equipe também é muito simpática e eficiente.,1
"Quanto ao atendimento: sou fã, porque é rápido e você está sendo atendido por uma galera bacana.",1
"Rapaz, aquele otário estava seco!",0
Superestimado.,0
"Se você procura comida tailandesa autêntica, vá para outro lugar.",0
Seus bifes são 100% recomendados!,1
"Depois de estacionar meu carro, esperei mais 15 minutos antes de ser reconhecido.",0
Ótima comida e ótimo serviço em um ambiente limpo e amigável.,1
"Resumindo, posso garantir que voltarei.",1
Eu odeio essas coisas tanto quanto azeitonas pretas baratas de qualidade.,0
"Meu café da manhã foi ótimo, com uma bela apresentação de 3 fatias gigantes de torrada, levemente polvilhadas com açúcar de confeiteiro.",1
A área de recreação infantil é DESAGRADÁVEL!,0
Ótimo lugar para levar ou comer.,1
A garçonete foi amigável e feliz em acomodar opções veganas/vegetarianas.,1
"Meu Deus, eu senti como se nunca tivesse comido comida tailandesa até este prato.",1
"Foi extremamente ""cruby"" e bastante sem gosto.",0
Era uma cor pálida em vez de agradável e carbonizada e NÃO tem sabor.,0
"Os croutons também têm sabor caseiro, o que é uma vantagem extra.",1
Cheguei em casa para ver as asas mais secas de todos os tempos!,0
Será uma parada regular nas minhas viagens a Phoenix!,1
Eu realmente gostei do Crema Café antes de eles se expandirem. Eu até disse aos amigos que eles tomaram o MELHOR café da manhã.,1
Não é bom para o dinheiro.,0
Sinto falta e gostaria que eles tivessem um na Filadélfia!,1
"Sentamos bem rápido, mas acabamos esperando 40 minutos só para fazer o pedido, mais 30 minutos antes da comida chegar.",0
Eles também têm o melhor queijo crocante da cidade.,1
"Bom valor, ótima comida, ótimo serviço.",1
Não poderia pedir uma refeição mais satisfatória.,1
A comida é boa.,1
Foi incrível.,1
Eu só queria ir embora.,0
Fizemos todo o caminho desde North Scottsdale... e não fiquei nem um pouco decepcionado!,1
Eu não vou comer lá novamente.,0
"!....OS PROPRIETÁRIOS REALMENTE precisam parar de ser tãããão baratos, deixe-os embrulhar meu maldito sanduíche em dois papéis e não em um!",0
Eu verifiquei este lugar há alguns anos e não fiquei impressionado.,0
"O frango que comprei foi definitivamente reaquecido e estava ok, as fatias estavam frias e encharcadas.",0
"Desculpe, não vou conseguir comida daqui tão cedo :(",0
Uma visita obrigatória!,1
Os tacos de língua de vaca e bochecha são incríveis.,1
Meu amigo não gostou de seu Bloody Mary.,0
"Apesar de eu avaliar fortemente as empresas, é raro eu dar 1 estrela.",0
Eles realmente querem tornar sua experiência boa.,1
Eu não voltarei.,0
Eu tinha o frango Pho e tinha um sabor muito sem graça.,0
Muito decepcionante!!!,0
O frango grelhado estava tão macio e amarelo por causa do tempero de açafrão.,1
"um drive thru significa que você não quer esperar meia hora pela comida, mas de alguma forma, quando acabamos indo para cá, eles nos fazem esperar e esperar.",0
Lugar incrível.,1
O ambiente é perfeito.,1
Boa sorte para a nova gestão rude e não focada no atendimento ao cliente.,0
Qualquer avó consegue fazer um frango assado melhor que este.,0
"Pedi várias vezes a lista de vinhos e depois de algum tempo sendo ignorado, fui até a recepcionista e comprei uma para mim.",0
"A equipe é sempre super simpática e prestativa, o que é especialmente legal quando você traz dois meninos pequenos e um bebê!",1
Quatro estrelas pela comida e o cara de camisa azul por sua ótima vibração e ainda nos deixando entrar para comer!,1
O sanduíche de rosbife tinha um gosto muito bom!,1
"Na mesma noite, ele e eu estamos gravemente doentes.",0
Frango de alta qualidade na salada César de frango.,1
O hambúrguer pedido mal passado chegou e terminaremos.,0
Fomos prontamente recebidos e sentados.,1
Tentei ir almoçar aqui e foi um hospício.,0
"Este sushi bar me provou completamente errado, não só porque a qualidade é ótima, mas o serviço é rápido e a comida impecável.",1
"Depois de esperar uma hora e estar sentado, eu não estava de muito bom humor.",0
Este é um bom baseado.,1
Os Macarons aqui são incrivelmente bons.,1
Eu não vou comer aqui!,0
"Nosso garçom foi muito atencioso, amigável e informativo.",1
"Talvez se não estivessem frios, seriam um tanto comestíveis.",0
"Este lugar tem muita promessa, mas não cumpre.",0
Experiência muito ruim!,0
Que erro.,0
A comida era melhor que a média.,0
Ótima comida.,1
Não vamos voltar tão cedo!,0
"Muito, muito decepcionado, pedi o Big Bay Plater de US $ 35.",0
Ótimo lugar para relaxar e tomar um incrível hambúrguer e cerveja.,1
É PERFEITO para uma refeição familiar ou para se reunir com alguns amigos.,1
Não têm muito sabor e são muito mal construídos.,0
Os assentos do pátio eram muito confortáveis.,1
O arroz frito também estava seco.,0
Sem dúvida o meu restaurante italiano favorito!,1
"Isso simplesmente GRITA ""LEGIT"" no meu livro... algo que também é muito raro aqui em Las Vegas.",1
Simplesmente não foi uma experiência divertida.,1
A atmosfera era ótima com uma adorável dupla de violinistas tocando músicas que solicitamos.,1
"Eu pessoalmente adoro hummus, pita, baklava, falafels e Baba Ganoush (é incrível o que eles fazem com berinjela!).",1
"Muito conveniente, já que estávamos hospedados no MGM!",1
Os proprietários são super simpáticos e o pessoal é cortês.,1
Ambos ótimos!,1
Seleção eclética.,1
"Os bolinhos de batata-doce eram bons, mas os anéis de cebola eram perfeitos ou o mais próximo que já comi.",1
A equipe foi muito atenciosa.,1
E o chef foi generoso com seu tempo (até veio duas vezes para tirarmos fotos com ele).,1
"O proprietário trabalhava no Nobu, então esse lugar é muito parecido pela metade do preço.",1
Google medíocre e imagino que Smashburger vai aparecer.,0
não vá aqui.,0
Eu prometo que eles não vão decepcionar.,1
"Como amante de sushi, evite este lugar por todos os meios.",0
Que ótimo cheeseburger duplo!,1
Serviço e comida incríveis.,1
Uma jóia fantástica do bairro !!!,1
Mal posso esperar para voltar.,1
As bananas foram as piores que já provei.,0
É um ótimo lugar e eu recomendo fortemente.,1
O serviço foi lento e não atencioso.,0
Eu dei 5 estrelas na época e estou dando 5 estrelas agora.,1
Sua equipe passa mais tempo conversando consigo mesma do que comigo.,0
Sobremesa: Panna Cotta foi incrível.,1
"Comida muito boa, ótimo ambiente.1",1
Muito bom bife.,1
Falha total no brunch.,0
"Os preços são muito razoáveis, os sabores são perfeitos, o molho é feito em casa e a salada não é encharcada de maionese.",1
A decoração é agradável e a trilha sonora de piano é agradável.,1
O bife foi incrível. rge filé relleno foi o melhor prato de frutos do mar que já comi!,1
"Boa comida, bom atendimento.",1
Foi absolutamente incrível.,1
"Provavelmente não voltarei, para ser sincero.",0
definitivamente voltarei!,1
O sanduíche de sargento pimenta com molho auju também é um excelente sanduíche.,1
"Hawaiian Breeze, Mango Magic e Pineapple Delight são os smoothies que experimentei até agora e são todos bons.",1
Fui almoçar - o serviço foi lento.,0
"Tínhamos tanto a dizer sobre o lugar antes de entrarmos que ele esperava que fosse incrível, mas ficou rapidamente desapontado.",0
Fiquei mortificado.,0
Escusado será dizer que nunca mais voltaremos aqui.,0
"De qualquer forma, a comida definitivamente não estava enchendo, e pelo preço que você paga você deveria esperar mais.",0
"As lascas que saíram estavam pingando graxa e, em sua maioria, não eram comestíveis.",0
Não fiquei realmente impressionado com o Strip Steak.,0
Frequento desde 2007 e cada refeição tem sido incrível!,1
"Nosso servidor foi muito simpático e atencioso, assim como os outros funcionários.",1
O caixa foi amigável e até trouxe a comida para mim.,1
Trabalho na indústria hoteleira em Paradise Valley e não recomendei mais o Cibo.,0
A atmosfera aqui é divertida.,1
Não recomendaria a outros.,0
O atendimento é rápido e até os pedidos “para viagem” ficam como a gente gosta!,1
"Quero dizer, sério, como você fica tão famoso por seu peixe com batatas fritas quando é tão terrível!?!",0
"Dito isto, nossas bocas e barrigas ainda estavam bastante satisfeitas.",1
Não é minha praia.,0
2 polegares para cima!!,1
"Se você está lendo isso, por favor, não vá lá.",0
"Adorei a pizza grelhada, me lembrou a legítima pizza italiana.",1
Apenas Prós: Ampla área de estar/ Agradável área de bar/ Ótimo menu simples de bebidas/ A MELHOR pizza de forno de tijolos com massa caseira!,1
Eles têm uma atmosfera muito legal.,1
Esta noite eu comi o Elk Filet especial.,0
"Depois de uma mordida, fiquei fisgado.",1
Pedimos alguns clássicos antigos e alguns pratos novos depois de ir lá algumas vezes e ficamos muito decepcionados com tudo.,0
"Bonito, pitoresco, simples, honesto.",1
O frango estava deliciosamente temperado e tinha uma batata frita perfeita por fora e um frango úmido por dentro.,1
"A comida estava ótima como sempre, elogios ao chef.",1
Agradecimentos especiais a Dylan T. pela recomendação sobre o que pedir :) Tudo gostoso para minha barriga.,1
Seleção incrível de cerveja.,1
Ótima comida e serviço incrível!,1
"Uma coisa boa foi que eles acrescentaram gorjeta à conta, já que nosso grupo era maior que 6 ou 8, e eles não esperavam mais gorjeta do que isso.",1
UMA MOSCA estava no meu suco de maçã.. UMA MOSCA!!!!!!!!,0
O frango Han Nan também estava muito saboroso.,1
"Quanto ao serviço, achei bom.",1
"A comida estava quase morna, então ela devia estar esperando o garçom trazê-la para nós.",0
O Ryan's Bar é definitivamente um estabelecimento de Edimburgo que não irei revisitar.,0
O melhor restaurante chinês que já estive há algum tempo.,1
"No geral, gosto da comida e do serviço.",1
Eles também servem agora pão naan indiano com hummus e um pouco de molho picante de pinhão que estava fora deste mundo.,1
Provavelmente nunca mais voltará e não recomendaria.,0
"Macarrão do amigo - também ruim, ele mal tocou.",0
Experimente-os no aeroporto para experimentar uma comida saborosa e um serviço rápido e amigável.,1
Adoro a decoração com papel de parede de caligrafia chinesa.,1
Nunca tive nada do que reclamar aqui.,1
O restaurante é muito limpo e tem uma sensação de restaurante familiar.,1
Estava muito frito.,0
"Não tenho certeza de quanto tempo ficamos ali, mas foi tempo suficiente para que eu começasse a me sentir estranhamente deslocado.",0
"Quando abri o sanduíche, fiquei impressionado, mas não no bom sentido.",0
Não voltarei!,0
Houve uma sensação calorosa com o serviço e me senti como seu convidado para um tratamento especial.,1
Um extenso menu oferece muitas opções para o café da manhã.,1
"Sempre peço o menu vegetariano durante o jantar, que tem uma grande variedade de opções para escolher.",1
"Tenho observado os preços inflacionarem, as porções diminuírem e as atitudes da administração crescerem rapidamente!",0
Maravilhosas tapas lil e o ambiente me fizeram sentir quente e confuso por dentro.,1
"Pude saborear a salada de frutos do mar, com um vinagrete fabuloso.",1
"Os wontons eram finos, não grossos e mastigáveis, quase derretendo na boca.",1
"O picante de nível 5 foi perfeito, onde o tempero não sobrecarregou a sopa.",1
Estávamos sentados na hora certa e nosso servidor desde o início foi FANTÁSTICO!,1
"A principal coisa que não gostei é que o público é mais velho, com cerca de 30 anos ou mais.",0
"Quando eu estiver deste lado da cidade, este será definitivamente um lugar que irei visitar novamente!",1
Tive que esperar mais de 30 minutos para pegar minha bebida e mais tempo para conseguir 2 arepas.,0
Este é um ótimo lugar para comer!,1
O bacon jalapeño é muuuito bom.,1
O serviço foi ruim e isso é bom.,0
"A comida era boa, o serviço era bom, os preços eram bons.",1
"O lugar não estava limpo e a comida, oh, tão obsoleta!",0
"Os pratos de frango estão ligados, a carne parece couro de sapato.",0
Mas o serviço foi além do ruim.,0
"Estou muito feliz por estar aqui!!!""",1
Tinha gosto de sujeira.,0
Um dos poucos lugares em Phoenix que eu definitivamente voltaria novamente.,1
O bloco foi incrível.,1
"É perto da minha casa, é discreto, nada sofisticado, preços acessíveis, boa comida.",1
* Tanto a sopa Hot & Sour quanto a Egg Flower foram absolutamente 5 estrelas!,1
"Meu sashimi era de má qualidade, encharcado e sem gosto.",0
Ótimo momento - jantar em família no domingo à noite.,1
"a comida não é nada saborosa, para não dizer o seu ""verdadeiro estilo tradicional de Hunan"".",0
O que me incomodou foi o serviço lento.,0
Os bartenders talentosos são absolutamente incríveis!,1
Suas margaritas congeladas são MUITO açucaradas para o meu gosto.,0
Estes eram tão bons que pedimos duas vezes.,1
Resumindo: 1) O restaurante cheira a uma combinação de mercado de peixe sujo e esgoto.,0
A vitela da minha namorada estava muito ruim.,0
"Infelizmente, não foi bom.",0
Tive uma experiência bastante satisfatória.,1
Junte-se ao clube e receba ofertas incríveis por e-mail.,1
"Perfeito para quem (eu) só gosta de cerveja gelada, ou neste caso, ainda mais gelada.",1
Sem graça e sem sabor é uma boa maneira de descrever a carne pouco morna.,0
"As correntes, das quais não sou fã, vencem este lugar facilmente.",0
Os nachos são imperdíveis!,1
Nós não vamos voltar.,0
"Não tenho muitas palavras a dizer sobre este lugar, mas faz tudo muito bem.",1
"A equipe é super simpática e muito rápida, mesmo com a multidão louca de júris, advogados e funcionários do tribunal do centro da cidade.",1
"Excelente ambiente, serviço simpático e rápido.",1
"Quando recebi meu Pita, ele era enorme e tinha muita carne, então gostei.",1
"Quando sua comida chega, é meh.",0
"Pagar US$ 7,85 por um cachorro-quente com batatas fritas que parece ter saído de uma refeição infantil no Wienerschnitzel não é minha ideia de uma boa refeição.",0
O clássico Maine Lobster Roll foi fantástico.,1
"Meu cunhado que trabalha no shopping comeu aqui no mesmo dia, e adivinhe, ele ficou doente a noite toda também.",0
Tão bom que terei que revisar este lugar duas vezes - uma vez como uma homenagem ao local e outra como uma homenagem a um evento realizado aqui ontem à noite.,1
"As batatas fritas e salsa foram realmente bons, a salsa estava muito fresca.",1
Esse lugar é ótimo!!!!!!!!!!!!!,1
Comida medíocre.,0
Ao entrar você ficará impressionado com o lugar.,1
Estou super chateado.,0
E o serviço foi super amigável.,1
Por que esses vegetais tristes estão tão cozidos demais?,0
Este lugar foi uma surpresa tão agradável!,1
"Eles estavam dourados, crocantes e deliciosos.",1
"Eu tinha grandes esperanças neste lugar, já que os hambúrgueres são cozidos em uma grelha a carvão, mas infelizmente o sabor caiu, muito chato.",0
"Eu poderia comer a bruscheta deles o dia todo, é devine.",1
Nem um único funcionário apareceu para ver se estávamos bem ou mesmo precisávamos de um reabastecimento de água quando finalmente nos serviram a comida.,0
"Por último, os palitos de mussarela, foram a melhor coisa que pedimos.",1
"A primeira vez que vim aqui tive uma experiência incrível, ainda falo para as pessoas o quanto o pato era incrível.",1
O servidor foi muito negligente com nossas necessidades e nos fez sentir muito indesejáveis. Eu não sugeriria este lugar!,0
O serviço foi terrível.,0
"Este lugar é muito caro, não é consistente com o seu boba, e é realmente caro!",0
Estava lotado!!,0
Eu amo esse lugar.,1
Posso dizer que as sobremesas estavam deliciosas.,1
A comida era terrível.,0
A fruta da estação era purê de pêssego branco fresco.,1
"Estava ficando cada vez pior, então agora terminei oficialmente.",0
Este lugar deveria honestamente ser explodido.,0
Mas eu definitivamente não comeria aqui novamente.,0
Não desperdice seu dinheiro aqui!,0
"Adoro que eles coloquem a comida em lindos recipientes de plástico, em vez de amontoá-la em caixinhas de papel para viagem.",1
"O crepe era delicado, fino e úmido.",1
Serviço horrível.,0
Nunca mais vou aqui novamente.,0
A qualidade dos alimentos tem sido horrível.,0
"Por esse preço, posso pensar em alguns lugares que eu preferiria ir.",0
"O serviço aqui é, na melhor das hipóteses, justo.",0
"Eu adoro sushi, mas achei o Kabuki caro, exagerado e com serviços insuficientes.",0
Faça um favor a si mesmo e fique longe deste prato.,0
Serviço muito ruim.,0
Ninguém na mesa achou que a comida estava acima da média ou que valeu a pena esperar.,0
"O melhor serviço e comida de todos os tempos, Maria, nossa garçonete, foi tão boa e amigável que fez o nosso dia.",1
Eles foram excelentes.,1
"Paguei a conta, mas não dei gorjeta porque achei que o servidor fez um péssimo trabalho.",0
Acabei de almoçar aqui e tive uma ótima experiência.,1
"Nunca comi uma comida tão insípida, o que me surpreendeu, considerando que o artigo que lemos focava tanto em seus temperos e sabores.",0
A comida é muito cara e as porções são pequenas.,0
Recentemente experimentei o Caballero's e voltei todas as semanas desde então!,1
"por 40 dólares por cabeça, eu realmente espero comida melhor.",0
A comida saiu em bom ritmo.,1
Comi lá duas vezes na minha última visita e gostei especialmente da salada de salmão.,1
Eu não voltarei.,0
Não podíamos acreditar como as ostras estavam sujas!,0
Este lugar não merece estrelas.,0
Eu não recomendaria este lugar.,0
"Na verdade, vou arredondar para 4 estrelas, só porque ela foi incrível.",1
"Para minha descrença, cada prato foi qualificado como a pior versão desses alimentos que já provei.",0
"Dia ruim ou não, tenho uma tolerância muito baixa com pessoas rudes no atendimento ao cliente, é seu trabalho ser simpático e educado, caso contrário, lave a louça!",0
as batatas estavam ótimas e o biscoito também.,1
Eu provavelmente não iria aqui novamente.,0
Tão saboroso e tem a quantidade perfeita de calor.,1
O preço é razoável e o serviço é ótimo.,1
"A esposa odiava sua refeição (camarão de coco), e nossos amigos também não gostavam de suas refeições.",0
Meu amigo pegou os huevos rancheros e eles não pareciam muito atraentes.,0
"Fui para o happy hour, ótima carta de vinhos.",1
"Alguns podem dizer que este buffet é caro, mas acho que você obtém o que paga e este lugar está recebendo bastante!",1
Provavelmente não voltarei aqui.,0
Pior comida/serviço que já comi há algum tempo.,0
"Este lugar é muito bom, uma pequena vibração agradável no restaurante.",1
"Fale sobre um ótimo atendimento ao cliente, é claro que voltaremos.",1
"Os pratos quentes não são quentes, os pratos frios estão próximos da temperatura ambiente. Observei a equipe preparar a comida com as mãos nuas, sem luvas.",0
Eu adoro suas batatas fritas e seus feijões.,1
Sempre um prazer lidar com ele.,1
"Eles têm uma infinidade de saladas e sanduíches, e tudo que experimentei recebe meu selo de aprovação.",1
Este lugar é incrível se você quiser algo leve e saudável durante o verão.,1
"Para sushi na Strip, este é o lugar certo.",1
"O atendimento foi ótimo, até o gerente veio e ajudou com a nossa mesa.",1
"A sensação da sala de jantar era mais um curso de culinária universitária do que um jantar de alta classe e o serviço era, na melhor das hipóteses, lento.",0
"Comecei esta resenha com duas estrelas, mas estou editando para dar apenas uma.",0
este é o pior sushi que já comi além do Costco.,0
"Em suma, um excelente restaurante que se destaca pelo excelente serviço, um menu único e um belo cenário.",1
Meu namorado e eu sentamos no bar e tivemos uma experiência completamente deliciosa.,1
Vibração estranha dos proprietários.,0
Quase não havia carne.,0
Já comi bagels melhores no supermercado.,0
Vá para o local dos giroscópios.,1
"Eu amo o proprietário / chef, seu autêntico cara japonês legal!",1
"Agora os hambúrgueres não são tão bons, a pizza que costumava ser incrível está pastosa e sem sabor.",0
Encontrei um pedaço de arame de quinze centímetros de comprimento no meu molho.,0
"O serviço foi terrível, a comida era medíocre.",0
Nós definitivamente nos divertimos.,1
Pedi sopa de Albondigas - que estava quente - e tinha gosto de sopa de tomate com almôndegas congeladas.,0
"Em três ocasiões diferentes pedi bem passado ou meio bem passado, e nas três vezes recebi o pedaço de carne mais sangrento do prato.",0
Dei cerca de duas mordidas e me recusei a comer mais.,0
O serviço foi extremamente lento.,0
"Depois de 20 minutos de espera, consegui uma mesa.",0
"Sério, chai latte quente matador.",1
"Não havia avisos de alergia no cardápio, e a garçonete não tinha absolutamente nenhuma ideia de quais refeições continham ou não amendoim.",0
Meu namorado experimentou a Salada de Frango Mediterrânea e se apaixonou.,1
Suas cervejas rotativas também são um destaque deste lugar.,1
O preço é uma preocupação no Mellow Mushroom.,0
Pior tailandês de todos os tempos.,0
"Se você ficar em Las Vegas, deverá tomar café da manhã aqui pelo menos uma vez.",1
Quero primeiro dizer que nosso servidor foi ótimo e tivemos um serviço perfeito.,1
As opções de pizza são boas.,1
"Tomei chá de morango, o que foi bom.",1
Altamente pouco profissional e rude com um patrono leal!,0
"No geral, uma ótima experiência.",1
Gaste seu dinheiro em outro lugar.,0
Seu pão torrado regular era igualmente satisfatório com pedaços ocasionais de manteiga.,1
O Buffet do Bellagio ficou longe do que eu esperava.,0
"E as bebidas são FRACAS, gente!",0
-Meu pedido não estava correto.,0
"Além disso, sinto que os chips são comprados e não feitos em casa.",0
"Após o jantar decepcionante, fomos a outro lugar para a sobremesa.",0
As batatas fritas e salsa aqui são incríveis!!!!!!!!!!!!!!!!!,1
Não vamos voltar.,0
Este é o meu novo buffet favorito em Las Vegas.,1
Eu realmente não posso acreditar que o proprietário tenha tantos funcionários inexperientes que todos correm como galinhas com a cabeça cortada.,0
"Muito, muito triste.",0
"me senti insultado e desrespeitado, como você pôde falar e julgar outro ser humano assim?",0
"Como você pode se chamar de churrascaria se não sabe cozinhar um bife direito, eu não entendo!",0
Não estou impressionado com o conceito ou a comida.,0
"A única coisa que não me deixou muito entusiasmado foi o guacamole deles, pois não gosto de purê.",0
"Não há realmente nada para mim no postinos, espero que sua experiência seja melhor",0
Tive uma intoxicação alimentar aqui no buffet.,0
"Eles trouxeram um novo lote de batatas fritas e eu estava pensando em algo quente, mas não!",0
O que DEVERIA ter sido um jantar de véspera de Natal hilariante e gostoso para lembrar foi o maior fracasso de toda a viagem para nós.,0
Escusado será dizer que não voltarei tão cedo.,0
Este lugar é nojento!,0
"Cada vez que como aqui, vejo um trabalho de equipe atencioso em nível profissional.",1
A lula estilo RI era uma piada.,0
"No entanto, havia tanto alho no fondue que quase não era comestível.",0
"Mal consegui aguentar a refeição, mas não reclamei porque era um almoço de negócios.",0
Foi tão ruim que perdi a coragem de terminar.,0
Ela também demorou uma eternidade para nos trazer o cheque quando pedimos.,0
"Não somos do tipo que faz cena em restaurantes, mas eu simplesmente não entendo...definitivamente perdi o amor depois desse!",0
Experiência decepcionante.,0
"A comida está quase no mesmo nível da de Denny's, ou seja, não é nada boa.",0
"Se você quiser esperar por comida medíocre e serviço absolutamente terrível, então este é o lugar para você.",0
WAAAAAAyyyyyyyyyy superestimado é tudo o que estou dizendo.,0
Nós não vamos voltar.,0
"O lugar era bastante limpo, mas a comida simplesmente não valia a pena.",0
Este lugar faltou estilo!!,0
"A sangria custava cerca de metade de um copo de vinho e custava US $ 12, ridículo.",0
Não se preocupe em vir aqui.,0
"A carne estava bem seca, comi o peito fatiado e a carne de porco desfiada.",0
"O prédio em si parece bem arrumado, o banheiro é bem estranho, mas eu não comeria aqui novamente.",0
Foi igualmente horrível.,0
Provavelmente não tenho pressa em voltar.,0
"muito lento para sentar, mesmo com reserva.",0
Não é bom para nenhum esforço de imaginação.,0
O molho de creme de caju estava sem graça e os vegetais mal cozidos.,0
"O molho chipotle rancho estava sem gosto, parecia ralo e diluído sem calor.",0
"Era um pouco doce demais, não era picante o suficiente e faltava sabor.",0
Fiquei MUITO decepcionado!!,0
Este lugar é horrível e muito caro.,0
"Talvez seja apenas a comida vegetariana deles, mas já estive duas vezes e achei que era, na melhor das hipóteses, mediano.",0
Não estava nada ocupado e agora sabemos o porquê.,0
As mesas do lado de fora também ficam sujas na maior parte do tempo e os trabalhadores nem sempre são simpáticos e prestativos com o cardápio.,0
"O ambiente aqui não parecia um buffet, mas mais um jardim interno idiota para chá e biscoitos.",0
Contra: serviço irregular.,0
"As batatas fritas não estavam quentes, nem meu hambúrguer.",0
Mas então eles voltaram frios.,0
"Então nossa comida saiu, e a decepção se seguiu.",0
A verdadeira decepção foi o nosso garçom.,0
Meu marido disse que ela foi muito rude. nem se desculpou pela comida ruim nem nada.,0
A única razão para comer aqui seria encher antes de uma noite de bebedeira só para colocar alguns carboidratos no estômago.,0
"Insultos, babaquices profundas e tive que sair para fumar enquanto servia apenas para solidificá-lo.",0
"Se alguém pede dois tacos, você não acha que pode fazer parte do atendimento ao cliente perguntar se é combo ou ala cart?",0
"Ela ficou bastante desapontada, embora alguma culpa deva ser atribuída à sua porta.",0
"Depois de todos os comentários elogiosos, mal podia esperar para comer aqui.",0
"Del Taco é bastante desagradável e deve ser evitado, se possível.",0
NÃO é difícil fazer um hambúrguer decente.,0
Mas eu não gosto disso.,0
"Claro que não, eu voltarei",0
Conseguimos um serviço muito melhor da pizzaria ao lado do que os serviços que recebemos deste restaurante.,0
"Não sei qual é o problema desse lugar, mas não voltarei ""vocês"".",0
"Eu imediatamente disse que queria falar com o gerente, mas não queria falar com o cara que estava dando tiros de bola de fogo atrás do bar.",0
O ambiente não é muito melhor.,0
"Infelizmente, isso apenas nos deixou desapontados com suas entradas.",0
A comida não era boa.,0
"Seus servidores são uma droga, espere, correção, nosso servidor Heimer é uma droga.",0
O que aconteceu a seguir foi bastante... desanimador.,0
"uma pena porque eu sei que é propriedade de uma família, eu realmente queria gostar deste lugar.",0
Muito caro para o que você está recebendo.,0
Vomitei no banheiro no meio do almoço.,0
"Continuei olhando a hora e logo já eram 35 minutos, mas ainda não havia comida.",0
"Estive em poucos lugares para comer aos quais em nenhuma circunstância voltaria, e este está no topo da lista.",0
Começamos com o sashimi de atum que era de cor acastanhada e obviamente não era fresco.,0
A comida estava abaixo da média.,0
"Com certeza supera os nachos do cinema, mas eu esperaria um pouco mais vindo de um restaurante.",0
"No geral, Ha Long Bay foi um fracasso.",0
"O problema que tenho é que eles cobram US$ 11,99 por um sanduíche que não é maior que um submarino do Subway (que oferece vegetais melhores e em maior quantidade).",0
"Camarão - Quando o desembrulhei (moro a apenas meia milha de Brushfire), estava literalmente gelado.",0
"Faltou sabor, parecia mal cozido e seco.",0
É realmente impressionante que o lugar não tenha fechado.,0
Eu evitaria este lugar se você estiver hospedado no Mirage.,0
Os feijões fritos que vieram com a minha refeição estavam secos e crocantes e a comida era sem graça.,0
Gaste seu dinheiro e tempo em outro lugar.,0
Uma senhora na mesa ao nosso lado encontrou uma lagarta verde viva em sua salada.,0
a apresentação da comida era horrível.,0
Eu não posso te dizer o quão decepcionado fiquei.,0
Acho que a comida deveria ter sabor e textura e faltavam ambos.,0
O apetite desapareceu instantaneamente.,0
"No geral, não fiquei impressionado e não voltaria.",0
"Toda a experiência foi nada assombrosa, e acho que iremos ao Ninja Sushi na próxima vez.",0
"Então, como se eu não tivesse desperdiçado o suficiente da minha vida ali, eles jogaram sal na ferida, prolongando o tempo que levava para entregar o cheque.",0
